,Context,Question,Answer
0,لقد أنزلنا آيات مبينات والله يهدي من يشاء إلى صراط مستقيم. ويقولون آمنا بالله وبالرسول وأطعنا ثم يتولى فريق منهم من بعد ذلك وما أولئك بالمؤمنين. وإذا دعوا إلى الله ورسوله ليحكم بينهم إذا فريق منهم معرضون. وإن يكن لهم الحق يأتوا إليه مذعنين. أفي قلوبهم مرض أم ارتابوا أم يخافون أن يحيف الله عليهم ورسوله بل أولئك هم الظالمون. إنما كان قول المؤمنين إذا دعوا إلى الله ورسوله ليحكم بينهم أن يقولوا سمعنا وأطعنا وأولئك هم المفلحون. ومن يطع الله ورسوله ويخش الله ويتقه فأولئك هم الفائزون. وأقسموا بالله جهد أيمانهم لئن أمرتهم ليخرجن قل لا تقسموا طاعة معروفة إن الله خبير بما تعملون. قل أطيعوا الله وأطيعوا الرسول فإن تولوا فإنما عليه ما حمل وعليكم ما حملتم وإن تطيعوه تهتدوا وما على الرسول إلا البلاغ المبين.,ما الدلائل على أن القرآن ليس من تأليف سيدنا محمد (ص)؟,لقد أنزلنا آيات مبينات والله يهدي من يشاء إل
1,يسألك أهل الكتاب أن تنزل عليهم كتابا من السماء فقد سألوا موسى أكبر من ذلك فقالوا أرنا الله جهرة فأخذتهم الصاعقة بظلمهم ثم اتخذوا العجل من بعد ما جاءتهم البينات فعفونا عن ذلك وآتينا موسى سلطانا مبينا. ورفعنا فوقهم الطور بميثاقهم وقلنا لهم ادخلوا الباب سجدا وقلنا لهم لا تعدوا في السبت وأخذنا منهم ميثاقا غليظا. فبما نقضهم ميثاقهم وكفرهم بآيات الله وقتلهم الأنبياء بغير حق وقولهم قلوبنا غلف بل طبع الله عليها بكفرهم فلا يؤمنون إلا قليلا. وبكفرهم وقولهم على مريم بهتانا عظيما. وقولهم إنا قتلنا المسيح عيسى ابن مريم رسول الله وما قتلوه وما صلبوه ولكن شبه لهم وإن الذين اختلفوا فيه لفي شك منه ما لهم به من علم إلا اتباع الظن وما قتلوه يقينا. بل رفعه الله إليه وكان الله عزيزا حكيما. وإن من أهل الكتاب إلا ليؤمنن به قبل موته ويوم القيامة يكون عليهم شهيدا. فبظلم من الذين هادوا حرمنا عليهم طيبات أحلت لهم وبصدهم عن سبيل الله كثيرا. وأخذهم الربا وقد نهوا عنه وأكلهم أموال الناس بالباطل وأعتدنا للكافرين منهم عذابا أليما.,ما الدلائل على أن المسيح لم يصلب؟,رفعنا فوقهم الطور بميثاقهم
2,ولقد صدق عليهم إبليس ظنه فاتبعوه إلا فريقا من المؤمنين. وما كان له عليهم من سلطان إلا لنعلم من يؤمن بالآخرة ممن هو منها في شك وربك على كل شيء حفيظ. قل ادعوا الذين زعمتم من دون الله لا يملكون مثقال ذرة في السماوات ولا في الأرض وما لهم فيهما من شرك وما له منهم من ظهير. ولا تنفع الشفاعة عنده إلا لمن أذن له حتى إذا فزع عن قلوبهم قالوا ماذا قال ربكم قالوا الحق وهو العلي الكبير.,ما هي شروط الشفاعة؟,لقد صدق عليهم إبليس ظنه فاتبعوه إلا فريق
3,إن يوم الفصل ميقاتهم أجمعين. يوم لا يغني مولى عن مولى شيئا ولا هم ينصرون. إلا من رحم الله إنه هو العزيز الرحيم. إن شجرت الزقوم. طعام الأثيم. كالمهل يغلي في البطون. كغلي الحميم. خذوه فاعتلوه إلى سواء الجحيم. ثم صبوا فوق رأسه من عذاب الحميم. ذق إنك أنت العزيز الكريم. إن هذا ما كنتم به تمترون.,ما هي شجرة الزقوم؟,شجرت الزقوم
4,أقم الصلاة لدلوك الشمس إلى غسق الليل وقرآن الفجر إن قرآن الفجر كان مشهودا. ومن الليل فتهجد به نافلة لك عسى أن يبعثك ربك مقاما محمودا. وقل رب أدخلني مدخل صدق وأخرجني مخرج صدق واجعل لي من لدنك سلطانا نصيرا. وقل جاء الحق وزهق الباطل إن الباطل كان زهوقا. وننزل من القرآن ما هو شفاء ورحمة للمؤمنين ولا يزيد الظالمين إلا خسارا.,ما الدلائل على أن القرآن ليس من تأليف سيدنا محمد (ص)؟,قرآن الفجر
5,قالت الأعراب آمنا قل لم تؤمنوا ولكن قولوا أسلمنا ولما يدخل الإيمان في قلوبكم وإن تطيعوا الله ورسوله لا يلتكم من أعمالكم شيئا إن الله غفور رحيم. إنما المؤمنون الذين آمنوا بالله ورسوله ثم لم يرتابوا وجاهدوا بأموالهم وأنفسهم في سبيل الله أولئك هم الصادقون. قل أتعلمون الله بدينكم والله يعلم ما في السماوات وما في الأرض والله بكل شيء عليم. يمنون عليك أن أسلموا قل لا تمنوا علي إسلامكم بل الله يمن عليكم أن هداكم للإيمان إن كنتم صادقين. إن الله يعلم غيب السماوات والأرض والله بصير بما تعملون.,ما هو الجهاد؟,جاهدوا بأموالهم وأنفسهم في سبيل الله
6,إنا أوحينا إليك كما أوحينا إلى نوح والنبيين من بعده وأوحينا إلى إبراهيم وإسماعيل وإسحاق ويعقوب والأسباط وعيسى وأيوب ويونس وهارون وسليمان وآتينا داوود زبورا. ورسلا قد قصصناهم عليك من قبل ورسلا لم نقصصهم عليك وكلم الله موسى تكليما. رسلا مبشرين ومنذرين لئلا يكون للناس على الله حجة بعد الرسل وكان الله عزيزا حكيما. لكن الله يشهد بما أنزل إليك أنزله بعلمه والملائكة يشهدون وكفى بالله شهيدا.,ما الدلائل على أن القرآن ليس من تأليف سيدنا محمد (ص)؟,إسماعيل
7,يوم يقوم الروح والملائكة صفا لا يتكلمون إلا من أذن له الرحمن وقال صوابا. ذلك اليوم الحق فمن شاء اتخذ إلى ربه مآبا. إنا أنذرناكم عذابا قريبا يوم ينظر المرء ما قدمت يداه ويقول الكافر يا ليتني كنت ترابا.,من هم الملائكة المذكورون في القرآن؟,ذلك اليوم الحق فمن شاء اتخذ إلى ربه مآبا
8,ولقد ذرأنا لجهنم كثيرا من الجن والإنس لهم قلوب لا يفقهون بها ولهم أعين لا يبصرون بها ولهم آذان لا يسمعون بها أولئك كالأنعام بل هم أضل أولئك هم الغافلون.,هل أشار القرآن إلى العضو الذي يعقل به الإنسان؟,لقد ذرأنا لجهنم كثيرا من الجن والإنس لهم قلوب
9,يا أيها الذين آمنوا إذا تداينتم بدين إلى أجل مسمى فاكتبوه وليكتب بينكم كاتب بالعدل ولا يأب كاتب أن يكتب كما علمه الله فليكتب وليملل الذي عليه الحق وليتق الله ربه ولا يبخس منه شيئا فإن كان الذي عليه الحق سفيها أو ضعيفا أو لا يستطيع أن يمل هو فليملل وليه بالعدل واستشهدوا شهيدين من رجالكم فإن لم يكونا رجلين فرجل وامرأتان ممن ترضون من الشهداء أن تضل إحداهما فتذكر إحداهما الأخرى ولا يأب الشهداء إذا ما دعوا ولا تسأموا أن تكتبوه صغيرا أو كبيرا إلى أجله ذلكم أقسط عند الله وأقوم للشهادة وأدنى ألا ترتابوا إلا أن تكون تجارة حاضرة تديرونها بينكم فليس عليكم جناح ألا تكتبوها وأشهدوا إذا تبايعتم ولا يضار كاتب ولا شهيد وإن تفعلوا فإنه فسوق بكم واتقوا الله ويعلمكم الله والله بكل شيء عليم. وإن كنتم على سفر ولم تجدوا كاتبا فرهان مقبوضة فإن أمن بعضكم بعضا فليؤد الذي اؤتمن أمانته وليتق الله ربه ولا تكتموا الشهادة ومن يكتمها فإنه آثم قلبه والله بما تعملون عليم.,لماذا لا تعادل شهادة مرأة واحدة بشهادة رجل واحد في الأمور المالية أو ما هو متعلق بالأمور المالية؟,الذي عليه الحق سفيها أو ضعيفا أو لا يستطيع أن يمل
10,واتبعوا ما تتلو الشياطين على ملك سليمان وما كفر سليمان ولكن الشياطين كفروا يعلمون الناس السحر وما أنزل على الملكين ببابل هاروت وماروت وما يعلمان من أحد حتى يقولا إنما نحن فتنة فلا تكفر فيتعلمون منهما ما يفرقون به بين المرء وزوجه وما هم بضارين به من أحد إلا بإذن الله ويتعلمون ما يضرهم ولا ينفعهم ولقد علموا لمن اشتراه ما له في الآخرة من خلاق ولبئس ما شروا به أنفسهم لو كانوا يعلمون. ولو أنهم آمنوا واتقوا لمثوبة من عند الله خير لو كانوا يعلمون.,من هم الملائكة المذكورون في القرآن؟,سليمان
11,فلما قضى موسى الأجل وسار بأهله آنس من جانب الطور نارا قال لأهله امكثوا إني آنست نارا لعلي آتيكم منها بخبر أو جذوة من النار لعلكم تصطلون. فلما أتاها نودي من شاطئ الواد الأيمن في البقعة المباركة من الشجرة أن يا موسى إني أنا الله رب العالمين. وأن ألق عصاك فلما رآها تهتز كأنها جان ولى مدبرا ولم يعقب يا موسى أقبل ولا تخف إنك من الآمنين. اسلك يدك في جيبك تخرج بيضاء من غير سوء واضمم إليك جناحك من الرهب فذانك برهانان من ربك إلى فرعون وملئه إنهم كانوا قوما فاسقين.,ما هي معجزات النبي موسى عليه السلام؟,يوسف
12,الحاقة. ما الحاقة. وما أدراك ما الحاقة. كذبت ثمود وعاد بالقارعة. فأما ثمود فأهلكوا بالطاغية. وأما عاد فأهلكوا بريح صرصر عاتية. سخرها عليهم سبع ليال وثمانية أيام حسوما فترى القوم فيها صرعى كأنهم أعجاز نخل خاوية. فهل ترى لهم من باقية.,كيف اهلك الله قوم ثمود؟,ثمود
13,ما جعل الله من بحيرة ولا سائبة ولا وصيلة ولا حام ولكن الذين كفروا يفترون على الله الكذب وأكثرهم لا يعقلون. وإذا قيل لهم تعالوا إلى ما أنزل الله وإلى الرسول قالوا حسبنا ما وجدنا عليه آباءنا أولو كان آباؤهم لا يعلمون شيئا ولا يهتدون. يا أيها الذين آمنوا عليكم أنفسكم لا يضركم من ضل إذا اهتديتم إلى الله مرجعكم جميعا فينبئكم بما كنتم تعملون.,ما الدلائل على أن القرآن ليس من تأليف سيدنا محمد (ص)؟,يدخلون الجنة ولا يدخلون الجنة ولا يظلون
14,يوم ندعو كل أناس بإمامهم فمن أوتي كتابه بيمينه فأولئك يقرءون كتابهم ولا يظلمون فتيلا. ومن كان في هذه أعمى فهو في الآخرة أعمى وأضل سبيلا. وإن كادوا ليفتنونك عن الذي أوحينا إليك لتفتري علينا غيره وإذا لاتخذوك خليلا. ولولا أن ثبتناك لقد كدت تركن إليهم شيئا قليلا. إذا لأذقناك ضعف الحياة وضعف الممات ثم لا تجد لك علينا نصيرا. وإن كادوا ليستفزونك من الأرض ليخرجوك منها وإذا لا يلبثون خلافك إلا قليلا. سنة من قد أرسلنا قبلك من رسلنا ولا تجد لسنتنا تحويلا.,ما الدلائل على أن القرآن ليس من تأليف سيدنا محمد (ص)؟,من كان في هذه أعمى فهو في الآخرة أعمى وأضل سب
15,سورة أنزلناها وفرضناها وأنزلنا فيها آيات بينات لعلكم تذكرون. الزانية والزاني فاجلدوا كل واحد منهما مائة جلدة ولا تأخذكم بهما رأفة في دين الله إن كنتم تؤمنون بالله واليوم الآخر وليشهد عذابهما طائفة من المؤمنين. الزاني لا ينكح إلا زانية أو مشركة والزانية لا ينكحها إلا زان أو مشرك وحرم ذلك على المؤمنين.,ما الدلائل على أن القرآن ليس من تأليف سيدنا محمد (ص)؟,طائفة من المؤمنين
16,خذ العفو وأمر بالعرف وأعرض عن الجاهلين. وإما ينزغنك من الشيطان نزغ فاستعذ بالله إنه سميع عليم. إن الذين اتقوا إذا مسهم طائف من الشيطان تذكروا فإذا هم مبصرون. وإخوانهم يمدونهم في الغي ثم لا يقصرون. وإذا لم تأتهم بآية قالوا لولا اجتبيتها قل إنما أتبع ما يوحى إلي من ربي هذا بصائر من ربكم وهدى ورحمة لقوم يؤمنون.,ما الدلائل على أن القرآن ليس من تأليف سيدنا محمد (ص)؟,إن الذين اتقوا إذا مسهم طائف من الشيطان تذكروا
17,ولقد أرسلنا رسلا من قبلك وجعلنا لهم أزواجا وذرية وما كان لرسول أن يأتي بآية إلا بإذن الله لكل أجل كتاب. يمحو الله ما يشاء ويثبت وعنده أم الكتاب. وإن ما نرينك بعض الذي نعدهم أو نتوفينك فإنما عليك البلاغ وعلينا الحساب. أولم يروا أنا نأتي الأرض ننقصها من أطرافها والله يحكم لا معقب لحكمه وهو سريع الحساب. وقد مكر الذين من قبلهم فلله المكر جميعا يعلم ما تكسب كل نفس وسيعلم الكفار لمن عقبى الدار. ويقول الذين كفروا لست مرسلا قل كفى بالله شهيدا بيني وبينكم ومن عنده علم الكتاب.,ما الدلائل على أن القرآن ليس من تأليف سيدنا محمد (ص)؟,لقد أرسلنا رسلا من قبلك وجعلنا لهم أزواجا
18,ولا تحسبن الذين قتلوا في سبيل الله أمواتا بل أحياء عند ربهم يرزقون. فرحين بما آتاهم الله من فضله ويستبشرون بالذين لم يلحقوا بهم من خلفهم ألا خوف عليهم ولا هم يحزنون. يستبشرون بنعمة من الله وفضل وأن الله لا يضيع أجر المؤمنين. الذين استجابوا لله والرسول من بعد ما أصابهم القرح للذين أحسنوا منهم واتقوا أجر عظيم. الذين قال لهم الناس إن الناس قد جمعوا لكم فاخشوهم فزادهم إيمانا وقالوا حسبنا الله ونعم الوكيل. فانقلبوا بنعمة من الله وفضل لم يمسسهم سوء واتبعوا رضوان الله والله ذو فضل عظيم. إنما ذلكم الشيطان يخوف أولياءه فلا تخافوهم وخافون إن كنتم مؤمنين.,ما هي منزلة من يقتل في سبيل الله؟,الذين استجابوا لله والرسول من بعد ما أصابهم القرح
19,فسبحان الله حين تمسون وحين تصبحون. وله الحمد في السماوات والأرض وعشيا وحين تظهرون. يخرج الحي من الميت ويخرج الميت من الحي ويحيي الأرض بعد موتها وكذلك تخرجون. ومن آياته أن خلقكم من تراب ثم إذا أنتم بشر تنتشرون. ومن آياته أن خلق لكم من أنفسكم أزواجا لتسكنوا إليها وجعل بينكم مودة ورحمة إن في ذلك لآيات لقوم يتفكرون. ومن آياته خلق السماوات والأرض واختلاف ألسنتكم وألوانكم إن في ذلك لآيات للعالمين. ومن آياته منامكم بالليل والنهار وابتغاؤكم من فضله إن في ذلك لآيات لقوم يسمعون. ومن آياته يريكم البرق خوفا وطمعا وينزل من السماء ماء فيحيي به الأرض بعد موتها إن في ذلك لآيات لقوم يعقلون. ومن آياته أن تقوم السماء والأرض بأمره ثم إذا دعاكم دعوة من الأرض إذا أنتم تخرجون. وله من في السماوات والأرض كل له قانتون. وهو الذي يبدأ الخلق ثم يعيده وهو أهون عليه وله المثل الأعلى في السماوات والأرض وهو العزيز الحكيم.,هل ذكر القرآن أوقات نوم معيّنة؟,يخرج الميت من الميت ويخرج الميت من الحي
20,إن الذي فرض عليك القرآن لرادك إلى معاد قل ربي أعلم من جاء بالهدى ومن هو في ضلال مبين. وما كنت ترجو أن يلقى إليك الكتاب إلا رحمة من ربك فلا تكونن ظهيرا للكافرين. ولا يصدنك عن آيات الله بعد إذ أنزلت إليك وادع إلى ربك ولا تكونن من المشركين. ولا تدع مع الله إلها آخر لا إله إلا هو كل شيء هالك إلا وجهه له الحكم وإليه ترجعون.,ما الدلائل على أن القرآن ليس من تأليف سيدنا محمد (ص)؟,الذي فرض عليك القرآن لرادك إلى معاد قل ربي
21,يوصيكم الله في أولادكم للذكر مثل حظ الأنثيين فإن كن نساء فوق اثنتين فلهن ثلثا ما ترك وإن كانت واحدة فلها النصف ولأبويه لكل واحد منهما السدس مما ترك إن كان له ولد فإن لم يكن له ولد وورثه أبواه فلأمه الثلث فإن كان له إخوة فلأمه السدس من بعد وصية يوصي بها أو دين آباؤكم وأبناؤكم لا تدرون أيهم أقرب لكم نفعا فريضة من الله إن الله كان عليما حكيما. ولكم نصف ما ترك أزواجكم إن لم يكن لهن ولد فإن كان لهن ولد فلكم الربع مما تركن من بعد وصية يوصين بها أو دين ولهن الربع مما تركتم إن لم يكن لكم ولد فإن كان لكم ولد فلهن الثمن مما تركتم من بعد وصية توصون بها أو دين وإن كان رجل يورث كلالة أو امرأة وله أخ أو أخت فلكل واحد منهما السدس فإن كانوا أكثر من ذلك فهم شركاء في الثلث من بعد وصية يوصى بها أو دين غير مضار وصية من الله والله عليم حليم.,ما هو ميراث الام عن ولدها إن لم يكن له ولد؟,إخوة فلأمه السدس
22,وما قدروا الله حق قدره إذ قالوا ما أنزل الله على بشر من شيء قل من أنزل الكتاب الذي جاء به موسى نورا وهدى للناس تجعلونه قراطيس تبدونها وتخفون كثيرا وعلمتم ما لم تعلموا أنتم ولا آباؤكم قل الله ثم ذرهم في خوضهم يلعبون. وهذا كتاب أنزلناه مبارك مصدق الذي بين يديه ولتنذر أم القرى ومن حولها والذين يؤمنون بالآخرة يؤمنون به وهم على صلاتهم يحافظون.,ما الدلائل على أن القرآن ليس من تأليف سيدنا محمد (ص)؟,لمن حولها
23,والذين هاجروا في سبيل الله ثم قتلوا أو ماتوا ليرزقنهم الله رزقا حسنا وإن الله لهو خير الرازقين. ليدخلنهم مدخلا يرضونه وإن الله لعليم حليم. ذلك ومن عاقب بمثل ما عوقب به ثم بغي عليه لينصرنه الله إن الله لعفو غفور. ذلك بأن الله يولج الليل في النهار ويولج النهار في الليل وأن الله سميع بصير. ذلك بأن الله هو الحق وأن ما يدعون من دونه هو الباطل وأن الله هو العلي الكبير. ألم تر أن الله أنزل من السماء ماء فتصبح الأرض مخضرة إن الله لطيف خبير. له ما في السماوات وما في الأرض وإن الله لهو الغني الحميد. ألم تر أن الله سخر لكم ما في الأرض والفلك تجري في البحر بأمره ويمسك السماء أن تقع على الأرض إلا بإذنه إن الله بالناس لرءوف رحيم. وهو الذي أحياكم ثم يميتكم ثم يحييكم إن الإنسان لكفور.,ما هي منزلة من يقتل في سبيل الله؟,من عاقب بمثل ما عوقب به ثم بغي عليه لينصرنه الله
24,إن الذين آمنوا وعملوا الصالحات وأقاموا الصلاة وآتوا الزكاة لهم أجرهم عند ربهم ولا خوف عليهم ولا هم يحزنون. يا أيها الذين آمنوا اتقوا الله وذروا ما بقي من الربا إن كنتم مؤمنين. فإن لم تفعلوا فأذنوا بحرب من الله ورسوله وإن تبتم فلكم رءوس أموالكم لا تظلمون ولا تظلمون. وإن كان ذو عسرة فنظرة إلى ميسرة وأن تصدقوا خير لكم إن كنتم تعلمون. واتقوا يوما ترجعون فيه إلى الله ثم توفى كل نفس ما كسبت وهم لا يظلمون.,على من تجوز الصدقة؟,اتقوا الله وذروا ما بقي من الربا
25,إن الذين يكتمون ما أنزلنا من البينات والهدى من بعد ما بيناه للناس في الكتاب أولئك يلعنهم الله ويلعنهم اللاعنون. إلا الذين تابوا وأصلحوا وبينوا فأولئك أتوب عليهم وأنا التواب الرحيم. إن الذين كفروا وماتوا وهم كفار أولئك عليهم لعنة الله والملائكة والناس أجمعين. خالدين فيها لا يخفف عنهم العذاب ولا هم ينظرون.,ما الدلائل على أن القرآن ليس من تأليف سيدنا محمد (ص)؟,الذين تابوا وأصلحوا وبينوا
26,ومن يرغب عن ملة إبراهيم إلا من سفه نفسه ولقد اصطفيناه في الدنيا وإنه في الآخرة لمن الصالحين. إذ قال له ربه أسلم قال أسلمت لرب العالمين. ووصى بها إبراهيم بنيه ويعقوب يا بني إن الله اصطفى لكم الدين فلا تموتن إلا وأنتم مسلمون. أم كنتم شهداء إذ حضر يعقوب الموت إذ قال لبنيه ما تعبدون من بعدي قالوا نعبد إلهك وإله آبائك إبراهيم وإسماعيل وإسحاق إلها واحدا ونحن له مسلمون. تلك أمة قد خلت لها ما كسبت ولكم ما كسبتم ولا تسألون عما كانوا يعملون.,ما هي الآيات التي تتحدث عن موضوع الوصية؟,إسماعيل
27,قل يا أهل الكتاب هل تنقمون منا إلا أن آمنا بالله وما أنزل إلينا وما أنزل من قبل وأن أكثركم فاسقون. قل هل أنبئكم بشر من ذلك مثوبة عند الله من لعنه الله وغضب عليه وجعل منهم القردة والخنازير وعبد الطاغوت أولئك شر مكانا وأضل عن سواء السبيل.,ما الدلائل على أن القرآن ليس من تأليف سيدنا محمد (ص)؟,جعل منهم القردة والخنازير وعبد الطاغوت أولئك شر
28,ليس البر أن تولوا وجوهكم قبل المشرق والمغرب ولكن البر من آمن بالله واليوم الآخر والملائكة والكتاب والنبيين وآتى المال على حبه ذوي القربى واليتامى والمساكين وابن السبيل والسائلين وفي الرقاب وأقام الصلاة وآتى الزكاة والموفون بعهدهم إذا عاهدوا والصابرين في البأساء والضراء وحين البأس أولئك الذين صدقوا وأولئك هم المتقون.,على من تجوز الصدقة؟,ليس البر أن تولوا وجوهكم قبل المشرق والمغرب ولكن البر من آ
29,ذلك ومن يعظم حرمات الله فهو خير له عند ربه وأحلت لكم الأنعام إلا ما يتلى عليكم فاجتنبوا الرجس من الأوثان واجتنبوا قول الزور. حنفاء لله غير مشركين به ومن يشرك بالله فكأنما خر من السماء فتخطفه الطير أو تهوي به الريح في مكان سحيق. ذلك ومن يعظم شعائر الله فإنها من تقوى القلوب. لكم فيها منافع إلى أجل مسمى ثم محلها إلى البيت العتيق. ولكل أمة جعلنا منسكا ليذكروا اسم الله على ما رزقهم من بهيمة الأنعام فإلهكم إله واحد فله أسلموا وبشر المخبتين. الذين إذا ذكر الله وجلت قلوبهم والصابرين على ما أصابهم والمقيمي الصلاة ومما رزقناهم ينفقون. والبدن جعلناها لكم من شعائر الله لكم فيها خير فاذكروا اسم الله عليها صواف فإذا وجبت جنوبها فكلوا منها وأطعموا القانع والمعتر كذلك سخرناها لكم لعلكم تشكرون. لن ينال الله لحومها ولا دماؤها ولكن يناله التقوى منكم كذلك سخرها لكم لتكبروا الله على ما هداكم وبشر المحسنين.,هل يجب ذكر اسم الله على المأكل والمشرب؟,ذلك ومن يعظم حرمات الله فهو خير له عند ربه
30,فلا أقسم بما تبصرون. وما لا تبصرون. إنه لقول رسول كريم. وما هو بقول شاعر قليلا ما تؤمنون. ولا بقول كاهن قليلا ما تذكرون. تنزيل من رب العالمين. ولو تقول علينا بعض الأقاويل. لأخذنا منه باليمين. ثم لقطعنا منه الوتين. فما منكم من أحد عنه حاجزين. وإنه لتذكرة للمتقين. وإنا لنعلم أن منكم مكذبين. وإنه لحسرة على الكافرين. وإنه لحق اليقين. فسبح باسم ربك العظيم.,ما الدلائل على أن القرآن ليس من تأليف سيدنا محمد (ص)؟,قرآنا تأليف سيد محمد
31,ليس عليك هداهم ولكن الله يهدي من يشاء وما تنفقوا من خير فلأنفسكم وما تنفقون إلا ابتغاء وجه الله وما تنفقوا من خير يوف إليكم وأنتم لا تظلمون. للفقراء الذين أحصروا في سبيل الله لا يستطيعون ضربا في الأرض يحسبهم الجاهل أغنياء من التعفف تعرفهم بسيماهم لا يسألون الناس إلحافا وما تنفقوا من خير فإن الله به عليم. الذين ينفقون أموالهم بالليل والنهار سرا وعلانية فلهم أجرهم عند ربهم ولا خوف عليهم ولا هم يحزنون.,على من تجوز الصدقة؟,ليس عليك هداهم ولكن الله يهدي من يشاء وما تنف
32,أفأنت تسمع الصم أو تهدي العمي ومن كان في ضلال مبين. فإما نذهبن بك فإنا منهم منتقمون. أو نرينك الذي وعدناهم فإنا عليهم مقتدرون. فاستمسك بالذي أوحي إليك إنك على صراط مستقيم. وإنه لذكر لك ولقومك وسوف تسألون. واسأل من أرسلنا من قبلك من رسلنا أجعلنا من دون الرحمن آلهة يعبدون.,ما الدلائل على أن القرآن ليس من تأليف سيدنا محمد (ص)؟,لقد استهزئ برسل من قبلك من رسلنا أجعلنا من دون الرح
33,أفغير الله أبتغي حكما وهو الذي أنزل إليكم الكتاب مفصلا والذين آتيناهم الكتاب يعلمون أنه منزل من ربك بالحق فلا تكونن من الممترين. وتمت كلمت ربك صدقا وعدلا لا مبدل لكلماته وهو السميع العليم. وإن تطع أكثر من في الأرض يضلوك عن سبيل الله إن يتبعون إلا الظن وإن هم إلا يخرصون. إن ربك هو أعلم من يضل عن سبيله وهو أعلم بالمهتدين.,ما الدلائل على أن القرآن ليس من تأليف سيدنا محمد (ص)؟,الذين آتيناهم الكتاب يعلمون أنه منزل من ربك بالحق
34,تبارك الذي نزل الفرقان على عبده ليكون للعالمين نذيرا. الذي له ملك السماوات والأرض ولم يتخذ ولدا ولم يكن له شريك في الملك وخلق كل شيء فقدره تقديرا. واتخذوا من دونه آلهة لا يخلقون شيئا وهم يخلقون ولا يملكون لأنفسهم ضرا ولا نفعا ولا يملكون موتا ولا حياة ولا نشورا. وقال الذين كفروا إن هذا إلا إفك افتراه وأعانه عليه قوم آخرون فقد جاءوا ظلما وزورا. وقالوا أساطير الأولين اكتتبها فهي تملى عليه بكرة وأصيلا. قل أنزله الذي يعلم السر في السماوات والأرض إنه كان غفورا رحيما.,ما الدلائل على أن القرآن ليس من تأليف سيدنا محمد (ص)؟,الذي له ملك السماوات والأرض
35,ومن قوم موسى أمة يهدون بالحق وبه يعدلون. وقطعناهم اثنتي عشرة أسباطا أمما وأوحينا إلى موسى إذ استسقاه قومه أن اضرب بعصاك الحجر فانبجست منه اثنتا عشرة عينا قد علم كل أناس مشربهم وظللنا عليهم الغمام وأنزلنا عليهم المن والسلوى كلوا من طيبات ما رزقناكم وما ظلمونا ولكن كانوا أنفسهم يظلمون. وإذ قيل لهم اسكنوا هذه القرية وكلوا منها حيث شئتم وقولوا حطة وادخلوا الباب سجدا نغفر لكم خطيئاتكم سنزيد المحسنين. فبدل الذين ظلموا منهم قولا غير الذي قيل لهم فأرسلنا عليهم رجزا من السماء بما كانوا يظلمون.,من هم الاسباط؟,قومه
36,وإنه لتنزيل رب العالمين. نزل به الروح الأمين. على قلبك لتكون من المنذرين. بلسان عربي مبين. وإنه لفي زبر الأولين. أولم يكن لهم آية أن يعلمه علماء بني إسرائيل. ولو نزلناه على بعض الأعجمين. فقرأه عليهم ما كانوا به مؤمنين. كذلك سلكناه في قلوب المجرمين. لا يؤمنون به حتى يروا العذاب الأليم. فيأتيهم بغتة وهم لا يشعرون. فيقولوا هل نحن منظرون. أفبعذابنا يستعجلون. أفرأيت إن متعناهم سنين. ثم جاءهم ما كانوا يوعدون. ما أغنى عنهم ما كانوا يمتعون. وما أهلكنا من قرية إلا لها منذرون. ذكرى وما كنا ظالمين. وما تنزلت به الشياطين. وما ينبغي لهم وما يستطيعون. إنهم عن السمع لمعزولون.,من هم الملائكة المذكورون في القرآن؟,بني إسرائيل
37,ألم نجعل الأرض مهادا. والجبال أوتادا. وخلقناكم أزواجا. وجعلنا نومكم سباتا. وجعلنا الليل لباسا. وجعلنا النهار معاشا. وبنينا فوقكم سبعا شدادا. وجعلنا سراجا وهاجا. وأنزلنا من المعصرات ماء ثجاجا. لنخرج به حبا ونباتا. وجنات ألفافا.,هل ذكر القرآن أوقات نوم معيّنة؟,جعلنا الليل لباسا. وجعلنا النهار معاشا. وبني
38,إن شر الدواب عند الله الذين كفروا فهم لا يؤمنون. الذين عاهدت منهم ثم ينقضون عهدهم في كل مرة وهم لا يتقون. فإما تثقفنهم في الحرب فشرد بهم من خلفهم لعلهم يذكرون. وإما تخافن من قوم خيانة فانبذ إليهم على سواء إن الله لا يحب الخائنين. ولا يحسبن الذين كفروا سبقوا إنهم لا يعجزون. وأعدوا لهم ما استطعتم من قوة ومن رباط الخيل ترهبون به عدو الله وعدوكم وآخرين من دونهم لا تعلمونهم الله يعلمهم وما تنفقوا من شيء في سبيل الله يوف إليكم وأنتم لا تظلمون. وإن جنحوا للسلم فاجنح لها وتوكل على الله إنه هو السميع العليم.,هل الإسلام دين سلام؟,الذين عاهدت منهم ثم ينقضون عهدهم في كل
39,قل ما كنت بدعا من الرسل وما أدري ما يفعل بي ولا بكم إن أتبع إلا ما يوحى إلي وما أنا إلا نذير مبين. قل أرأيتم إن كان من عند الله وكفرتم به وشهد شاهد من بني إسرائيل على مثله فآمن واستكبرتم إن الله لا يهدي القوم الظالمين. وقال الذين كفروا للذين آمنوا لو كان خيرا ما سبقونا إليه وإذ لم يهتدوا به فسيقولون هذا إفك قديم. ومن قبله كتاب موسى إماما ورحمة وهذا كتاب مصدق لسانا عربيا لينذر الذين ظلموا وبشرى للمحسنين. إن الذين قالوا ربنا الله ثم استقاموا فلا خوف عليهم ولا هم يحزنون. أولئك أصحاب الجنة خالدين فيها جزاء بما كانوا يعملون.,ما الدلائل على أن القرآن ليس من تأليف سيدنا محمد (ص)؟,بني إسرائيل
40,إن الذين ارتدوا على أدبارهم من بعد ما تبين لهم الهدى الشيطان سول لهم وأملى لهم. ذلك بأنهم قالوا للذين كرهوا ما نزل الله سنطيعكم في بعض الأمر والله يعلم إسرارهم. فكيف إذا توفتهم الملائكة يضربون وجوههم وأدبارهم. ذلك بأنهم اتبعوا ما أسخط الله وكرهوا رضوانه فأحبط أعمالهم. أم حسب الذين في قلوبهم مرض أن لن يخرج الله أضغانهم.,ما هي الآيات التي تلمح إلى عذاب القبر وأهواله؟,توفتهم الملائكة يضربون وجوههم وأدبارهم
41,وقال الذي آمن يا قوم اتبعون أهدكم سبيل الرشاد. يا قوم إنما هذه الحياة الدنيا متاع وإن الآخرة هي دار القرار. من عمل سيئة فلا يجزى إلا مثلها ومن عمل صالحا من ذكر أو أنثى وهو مؤمن فأولئك يدخلون الجنة يرزقون فيها بغير حساب. ويا قوم ما لي أدعوكم إلى النجاة وتدعونني إلى النار. تدعونني لأكفر بالله وأشرك به ما ليس لي به علم وأنا أدعوكم إلى العزيز الغفار. لا جرم أنما تدعونني إليه ليس له دعوة في الدنيا ولا في الآخرة وأن مردنا إلى الله وأن المسرفين هم أصحاب النار. فستذكرون ما أقول لكم وأفوض أمري إلى الله إن الله بصير بالعباد. فوقاه الله سيئات ما مكروا وحاق بآل فرعون سوء العذاب. النار يعرضون عليها غدوا وعشيا ويوم تقوم الساعة أدخلوا آل فرعون أشد العذاب.,ما هي الآيات التي تلمح إلى عذاب القبر وأهواله؟,من عمل صالحا من ذكر أو أنثى وهو مؤمن فأولئ
42,فلما جاء السحرة قالوا لفرعون أئن لنا لأجرا إن كنا نحن الغالبين. قال نعم وإنكم إذا لمن المقربين. قال لهم موسى ألقوا ما أنتم ملقون. فألقوا حبالهم وعصيهم وقالوا بعزة فرعون إنا لنحن الغالبون. فألقى موسى عصاه فإذا هي تلقف ما يأفكون. فألقي السحرة ساجدين. قالوا آمنا برب العالمين. رب موسى وهارون. قال آمنتم له قبل أن آذن لكم إنه لكبيركم الذي علمكم السحر فلسوف تعلمون لأقطعن أيديكم وأرجلكم من خلاف ولأصلبنكم أجمعين. قالوا لا ضير إنا إلى ربنا منقلبون. إنا نطمع أن يغفر لنا ربنا خطايانا أن كنا أول المؤمنين.,ما هي معجزات النبي موسى عليه السلام؟,يوسف
43,قل يا عبادي الذين أسرفوا على أنفسهم لا تقنطوا من رحمة الله إن الله يغفر الذنوب جميعا إنه هو الغفور الرحيم. وأنيبوا إلى ربكم وأسلموا له من قبل أن يأتيكم العذاب ثم لا تنصرون. واتبعوا أحسن ما أنزل إليكم من ربكم من قبل أن يأتيكم العذاب بغتة وأنتم لا تشعرون. أن تقول نفس يا حسرتا على ما فرطت في جنب الله وإن كنت لمن الساخرين. أو تقول لو أن الله هداني لكنت من المتقين. أو تقول حين ترى العذاب لو أن لي كرة فأكون من المحسنين. بلى قد جاءتك آياتي فكذبت بها واستكبرت وكنت من الكافرين.,ما الدلائل على أن القرآن ليس من تأليف سيدنا محمد (ص)؟,اتبعوا أحسن ما أنزل إليكم من ربكم من قبل أن يأت
44,يا أيها الذين آمنوا لا تتبعوا خطوات الشيطان ومن يتبع خطوات الشيطان فإنه يأمر بالفحشاء والمنكر ولولا فضل الله عليكم ورحمته ما زكى منكم من أحد أبدا ولكن الله يزكي من يشاء والله سميع عليم. ولا يأتل أولو الفضل منكم والسعة أن يؤتوا أولي القربى والمساكين والمهاجرين في سبيل الله وليعفوا وليصفحوا ألا تحبون أن يغفر الله لكم والله غفور رحيم.,على من تجوز الصدقة؟,يؤتوا أولي القربى والمساكين والمهاجرين في سبيل الله ولي
45,يسألونك ماذا أحل لهم قل أحل لكم الطيبات وما علمتم من الجوارح مكلبين تعلمونهن مما علمكم الله فكلوا مما أمسكن عليكم واذكروا اسم الله عليه واتقوا الله إن الله سريع الحساب. اليوم أحل لكم الطيبات وطعام الذين أوتوا الكتاب حل لكم وطعامكم حل لهم والمحصنات من المؤمنات والمحصنات من الذين أوتوا الكتاب من قبلكم إذا آتيتموهن أجورهن محصنين غير مسافحين ولا متخذي أخدان ومن يكفر بالإيمان فقد حبط عمله وهو في الآخرة من الخاسرين.,هل يجب ذكر اسم الله على المأكل والمشرب؟,وطعام الذين أوتوا الكتاب حل لكم وطعامكم حل لهم
46,إن إبراهيم كان أمة قانتا لله حنيفا ولم يك من المشركين. شاكرا لأنعمه اجتباه وهداه إلى صراط مستقيم. وآتيناه في الدنيا حسنة وإنه في الآخرة لمن الصالحين. ثم أوحينا إليك أن اتبع ملة إبراهيم حنيفا وما كان من المشركين. إنما جعل السبت على الذين اختلفوا فيه وإن ربك ليحكم بينهم يوم القيامة فيما كانوا فيه يختلفون.,ما الدلائل على أن القرآن ليس من تأليف سيدنا محمد (ص)؟,إسحاق
47,ولله ما في السماوات وما في الأرض ليجزي الذين أساءوا بما عملوا ويجزي الذين أحسنوا بالحسنى. الذين يجتنبون كبائر الإثم والفواحش إلا اللمم إن ربك واسع المغفرة هو أعلم بكم إذ أنشأكم من الأرض وإذ أنتم أجنة في بطون أمهاتكم فلا تزكوا أنفسكم هو أعلم بمن اتقى. أفرأيت الذي تولى. وأعطى قليلا وأكدى. أعنده علم الغيب فهو يرى. أم لم ينبأ بما في صحف موسى. وإبراهيم الذي وفى. ألا تزر وازرة وزر أخرى. وأن ليس للإنسان إلا ما سعى. وأن سعيه سوف يرى. ثم يجزاه الجزاء الأوفى.,ما هو الكتاب الذي انزل على موسى؟,ليجزي الذين أساءوا بما عملوا
48,واتل ما أوحي إليك من كتاب ربك لا مبدل لكلماته ولن تجد من دونه ملتحدا. واصبر نفسك مع الذين يدعون ربهم بالغداة والعشي يريدون وجهه ولا تعد عيناك عنهم تريد زينة الحياة الدنيا ولا تطع من أغفلنا قلبه عن ذكرنا واتبع هواه وكان أمره فرطا.,ما الدلائل على أن القرآن ليس من تأليف سيدنا محمد (ص)؟,واصبر نفسك مع الذين يدعون ربهم بالغداة والعشي
49,فإذا نفخ في الصور نفخة واحدة. وحملت الأرض والجبال فدكتا دكة واحدة. فيومئذ وقعت الواقعة. وانشقت السماء فهي يومئذ واهية. والملك على أرجائها ويحمل عرش ربك فوقهم يومئذ ثمانية. يومئذ تعرضون لا تخفى منكم خافية.,من هم الملائكة المذكورون في القرآن؟,انكتا دكة واحدة
50,يا أيها النبي لم تحرم ما أحل الله لك تبتغي مرضات أزواجك والله غفور رحيم. قد فرض الله لكم تحلة أيمانكم والله مولاكم وهو العليم الحكيم. وإذ أسر النبي إلى بعض أزواجه حديثا فلما نبأت به وأظهره الله عليه عرف بعضه وأعرض عن بعض فلما نبأها به قالت من أنبأك هذا قال نبأني العليم الخبير. إن تتوبا إلى الله فقد صغت قلوبكما وإن تظاهرا عليه فإن الله هو مولاه وجبريل وصالح المؤمنين والملائكة بعد ذلك ظهير. عسى ربه إن طلقكن أن يبدله أزواجا خيرا منكن مسلمات مؤمنات قانتات تائبات عابدات سائحات ثيبات وأبكارا.,من هم الملائكة المذكورون في القرآن؟,النبي
51,وما كان هذا القرآن أن يفترى من دون الله ولكن تصديق الذي بين يديه وتفصيل الكتاب لا ريب فيه من رب العالمين. أم يقولون افتراه قل فأتوا بسورة مثله وادعوا من استطعتم من دون الله إن كنتم صادقين. بل كذبوا بما لم يحيطوا بعلمه ولما يأتهم تأويله كذلك كذب الذين من قبلهم فانظر كيف كان عاقبة الظالمين. ومنهم من يؤمن به ومنهم من لا يؤمن به وربك أعلم بالمفسدين. وإن كذبوك فقل لي عملي ولكم عملكم أنتم بريئون مما أعمل وأنا بريء مما تعملون. ومنهم من يستمعون إليك أفأنت تسمع الصم ولو كانوا لا يعقلون. ومنهم من ينظر إليك أفأنت تهدي العمي ولو كانوا لا يبصرون. إن الله لا يظلم الناس شيئا ولكن الناس أنفسهم يظلمون.,ما الدلائل على أن القرآن ليس من تأليف سيدنا محمد (ص)؟,كذبوا بما لم يحيطوا بعلمه ولما يأتهم تأويله
52,يا أيها الذين آمنوا إذا تداينتم بدين إلى أجل مسمى فاكتبوه وليكتب بينكم كاتب بالعدل ولا يأب كاتب أن يكتب كما علمه الله فليكتب وليملل الذي عليه الحق وليتق الله ربه ولا يبخس منه شيئا فإن كان الذي عليه الحق سفيها أو ضعيفا أو لا يستطيع أن يمل هو فليملل وليه بالعدل واستشهدوا شهيدين من رجالكم فإن لم يكونا رجلين فرجل وامرأتان ممن ترضون من الشهداء أن تضل إحداهما فتذكر إحداهما الأخرى ولا يأب الشهداء إذا ما دعوا ولا تسأموا أن تكتبوه صغيرا أو كبيرا إلى أجله ذلكم أقسط عند الله وأقوم للشهادة وأدنى ألا ترتابوا إلا أن تكون تجارة حاضرة تديرونها بينكم فليس عليكم جناح ألا تكتبوها وأشهدوا إذا تبايعتم ولا يضار كاتب ولا شهيد وإن تفعلوا فإنه فسوق بكم واتقوا الله ويعلمكم الله والله بكل شيء عليم. وإن كنتم على سفر ولم تجدوا كاتبا فرهان مقبوضة فإن أمن بعضكم بعضا فليؤد الذي اؤتمن أمانته وليتق الله ربه ولا تكتموا الشهادة ومن يكتمها فإنه آثم قلبه والله بما تعملون عليم.,هل تجوز شهادة أربعة نساء بدلا من رجلين في الأمور المالية أو ما هو متعلق بالأمور المالية؟,كتبوه وليملل الذي عليه الحق
53,وإن يمسسك الله بضر فلا كاشف له إلا هو وإن يردك بخير فلا راد لفضله يصيب به من يشاء من عباده وهو الغفور الرحيم. قل يا أيها الناس قد جاءكم الحق من ربكم فمن اهتدى فإنما يهتدي لنفسه ومن ضل فإنما يضل عليها وما أنا عليكم بوكيل. واتبع ما يوحى إليك واصبر حتى يحكم الله وهو خير الحاكمين.,ما الدلائل على أن القرآن ليس من تأليف سيدنا محمد (ص)؟,من اهتدى فإنما يهتدي لنفسه ومن ضل فإنما
54,يا أيها الذين آمنوا ما لكم إذا قيل لكم انفروا في سبيل الله اثاقلتم إلى الأرض أرضيتم بالحياة الدنيا من الآخرة فما متاع الحياة الدنيا في الآخرة إلا قليل. إلا تنفروا يعذبكم عذابا أليما ويستبدل قوما غيركم ولا تضروه شيئا والله على كل شيء قدير. إلا تنصروه فقد نصره الله إذ أخرجه الذين كفروا ثاني اثنين إذ هما في الغار إذ يقول لصاحبه لا تحزن إن الله معنا فأنزل الله سكينته عليه وأيده بجنود لم تروها وجعل كلمة الذين كفروا السفلى وكلمة الله هي العليا والله عزيز حكيم. انفروا خفافا وثقالا وجاهدوا بأموالكم وأنفسكم في سبيل الله ذلكم خير لكم إن كنتم تعلمون.,ما هو الجهاد؟,تنفروا يعذبكم عذابا أليما
55,كذلك أرسلناك في أمة قد خلت من قبلها أمم لتتلو عليهم الذي أوحينا إليك وهم يكفرون بالرحمن قل هو ربي لا إله إلا هو عليه توكلت وإليه متاب. ولو أن قرآنا سيرت به الجبال أو قطعت به الأرض أو كلم به الموتى بل لله الأمر جميعا أفلم ييأس الذين آمنوا أن لو يشاء الله لهدى الناس جميعا ولا يزال الذين كفروا تصيبهم بما صنعوا قارعة أو تحل قريبا من دارهم حتى يأتي وعد الله إن الله لا يخلف الميعاد. ولقد استهزئ برسل من قبلك فأمليت للذين كفروا ثم أخذتهم فكيف كان عقاب. أفمن هو قائم على كل نفس بما كسبت وجعلوا لله شركاء قل سموهم أم تنبئونه بما لا يعلم في الأرض أم بظاهر من القول بل زين للذين كفروا مكرهم وصدوا عن السبيل ومن يضلل الله فما له من هاد. لهم عذاب في الحياة الدنيا ولعذاب الآخرة أشق وما لهم من الله من واق.,ما الدلائل على أن القرآن ليس من تأليف سيدنا محمد (ص)؟,قرآنا سيرت به الجبال أو قطعت به الأرض أو كلم به
56,وقالوا أإذا ضللنا في الأرض أإنا لفي خلق جديد بل هم بلقاء ربهم كافرون. قل يتوفاكم ملك الموت الذي وكل بكم ثم إلى ربكم ترجعون. ولو ترى إذ المجرمون ناكسو رءوسهم عند ربهم ربنا أبصرنا وسمعنا فارجعنا نعمل صالحا إنا موقنون. ولو شئنا لآتينا كل نفس هداها ولكن حق القول مني لأملأن جهنم من الجنة والناس أجمعين. فذوقوا بما نسيتم لقاء يومكم هذا إنا نسيناكم وذوقوا عذاب الخلد بما كنتم تعملون.,من هم الملائكة المذكورون في القرآن؟,ثم إلى ربكم ترجعون
57,ويوم نبعث من كل أمة شهيدا ثم لا يؤذن للذين كفروا ولا هم يستعتبون. وإذا رأى الذين ظلموا العذاب فلا يخفف عنهم ولا هم ينظرون. وإذا رأى الذين أشركوا شركاءهم قالوا ربنا هؤلاء شركاؤنا الذين كنا ندعو من دونك فألقوا إليهم القول إنكم لكاذبون. وألقوا إلى الله يومئذ السلم وضل عنهم ما كانوا يفترون. الذين كفروا وصدوا عن سبيل الله زدناهم عذابا فوق العذاب بما كانوا يفسدون. ويوم نبعث في كل أمة شهيدا عليهم من أنفسهم وجئنا بك شهيدا على هؤلاء ونزلنا عليك الكتاب تبيانا لكل شيء وهدى ورحمة وبشرى للمسلمين.,ما الدلائل على أن القرآن ليس من تأليف سيدنا محمد (ص)؟,يؤذن للذين كفروا ولا هم يستعتبون
58,والذين آتيناهم الكتاب يفرحون بما أنزل إليك ومن الأحزاب من ينكر بعضه قل إنما أمرت أن أعبد الله ولا أشرك به إليه أدعو وإليه مآب. وكذلك أنزلناه حكما عربيا ولئن اتبعت أهواءهم بعدما جاءك من العلم ما لك من الله من ولي ولا واق.,ما الدلائل على أن القرآن ليس من تأليف سيدنا محمد (ص)؟,الذين آتيناهم الكتاب يفرحون بما أنزل إليك ومن الأح
59,الر تلك آيات الكتاب المبين. إنا أنزلناه قرآنا عربيا لعلكم تعقلون. نحن نقص عليك أحسن القصص بما أوحينا إليك هذا القرآن وإن كنت من قبله لمن الغافلين.,ما الدلائل على أن القرآن ليس من تأليف سيدنا محمد (ص)؟,إنا أنزلناه قرآنا عربيا
60,تالله لقد أرسلنا إلى أمم من قبلك فزين لهم الشيطان أعمالهم فهو وليهم اليوم ولهم عذاب أليم. وما أنزلنا عليك الكتاب إلا لتبين لهم الذي اختلفوا فيه وهدى ورحمة لقوم يؤمنون.,ما الدلائل على أن القرآن ليس من تأليف سيدنا محمد (ص)؟,لقد أرسلنا إلى أمم من قبلك فزين لهم الشيطان
61,يحلفون بالله لكم ليرضوكم والله ورسوله أحق أن يرضوه إن كانوا مؤمنين. ألم يعلموا أنه من يحادد الله ورسوله فأن له نار جهنم خالدا فيها ذلك الخزي العظيم. يحذر المنافقون أن تنزل عليهم سورة تنبئهم بما في قلوبهم قل استهزئوا إن الله مخرج ما تحذرون. ولئن سألتهم ليقولن إنما كنا نخوض ونلعب قل أبالله وآياته ورسوله كنتم تستهزئون. لا تعتذروا قد كفرتم بعد إيمانكم إن نعف عن طائفة منكم نعذب طائفة بأنهم كانوا مجرمين.,ما الدلائل على أن القرآن ليس من تأليف سيدنا محمد (ص)؟,من يحادد الله ورسوله فأن له نار جهنم خالدا فيها
62,لو أنزلنا هذا القرآن على جبل لرأيته خاشعا متصدعا من خشية الله وتلك الأمثال نضربها للناس لعلهم يتفكرون. هو الله الذي لا إله إلا هو عالم الغيب والشهادة هو الرحمن الرحيم. هو الله الذي لا إله إلا هو الملك القدوس السلام المؤمن المهيمن العزيز الجبار المتكبر سبحان الله عما يشركون. هو الله الخالق البارئ المصور له الأسماء الحسنى يسبح له ما في السماوات والأرض وهو العزيز الحكيم.,ما الدلائل على أن القرآن ليس من تأليف سيدنا محمد (ص)؟,الذي لا إله إلا هو الملك القدوس السلام المؤمن المهيمن العزيز
63,ولا يحزنك قولهم إن العزة لله جميعا هو السميع العليم. ألا إن لله من في السماوات ومن في الأرض وما يتبع الذين يدعون من دون الله شركاء إن يتبعون إلا الظن وإن هم إلا يخرصون. هو الذي جعل لكم الليل لتسكنوا فيه والنهار مبصرا إن في ذلك لآيات لقوم يسمعون. قالوا اتخذ الله ولدا سبحانه هو الغني له ما في السماوات وما في الأرض إن عندكم من سلطان بهذا أتقولون على الله ما لا تعلمون. قل إن الذين يفترون على الله الكذب لا يفلحون. متاع في الدنيا ثم إلينا مرجعهم ثم نذيقهم العذاب الشديد بما كانوا يكفرون.,هل ذكر القرآن أوقات نوم معيّنة؟,الذي جعل لكم الليل لتسكنوا فيه والنهار مبصرا
64,فما لكم في المنافقين فئتين والله أركسهم بما كسبوا أتريدون أن تهدوا من أضل الله ومن يضلل الله فلن تجد له سبيلا. ودوا لو تكفرون كما كفروا فتكونون سواء فلا تتخذوا منهم أولياء حتى يهاجروا في سبيل الله فإن تولوا فخذوهم واقتلوهم حيث وجدتموهم ولا تتخذوا منهم وليا ولا نصيرا. إلا الذين يصلون إلى قوم بينكم وبينهم ميثاق أو جاءوكم حصرت صدورهم أن يقاتلوكم أو يقاتلوا قومهم ولو شاء الله لسلطهم عليكم فلقاتلوكم فإن اعتزلوكم فلم يقاتلوكم وألقوا إليكم السلم فما جعل الله لكم عليهم سبيلا. ستجدون آخرين يريدون أن يأمنوكم ويأمنوا قومهم كل ما ردوا إلى الفتنة أركسوا فيها فإن لم يعتزلوكم ويلقوا إليكم السلم ويكفوا أيديهم فخذوهم واقتلوهم حيث ثقفتموهم وأولئكم جعلنا لكم عليهم سلطانا مبينا.,هل الإسلام دين سلام؟,يهاجروا في سبيل الله
65,وممن حولكم من الأعراب منافقون ومن أهل المدينة مردوا على النفاق لا تعلمهم نحن نعلمهم سنعذبهم مرتين ثم يردون إلى عذاب عظيم. وآخرون اعترفوا بذنوبهم خلطوا عملا صالحا وآخر سيئا عسى الله أن يتوب عليهم إن الله غفور رحيم. خذ من أموالهم صدقة تطهرهم وتزكيهم بها وصل عليهم إن صلاتك سكن لهم والله سميع عليم. ألم يعلموا أن الله هو يقبل التوبة عن عباده ويأخذ الصدقات وأن الله هو التواب الرحيم. وقل اعملوا فسيرى الله عملكم ورسوله والمؤمنون وستردون إلى عالم الغيب والشهادة فينبئكم بما كنتم تعملون. وآخرون مرجون لأمر الله إما يعذبهم وإما يتوب عليهم والله عليم حكيم.,ما هي الآيات التي تلمح إلى عذاب القبر وأهواله؟,المدينة
66,قل لا أجد في ما أوحي إلي محرما على طاعم يطعمه إلا أن يكون ميتة أو دما مسفوحا أو لحم خنزير فإنه رجس أو فسقا أهل لغير الله به فمن اضطر غير باغ ولا عاد فإن ربك غفور رحيم. وعلى الذين هادوا حرمنا كل ذي ظفر ومن البقر والغنم حرمنا عليهم شحومهما إلا ما حملت ظهورهما أو الحوايا أو ما اختلط بعظم ذلك جزيناهم ببغيهم وإنا لصادقون. فإن كذبوك فقل ربكم ذو رحمة واسعة ولا يرد بأسه عن القوم المجرمين.,ما الدلائل على أن القرآن ليس من تأليف سيدنا محمد (ص)؟,خنزير
67,يا أيها الذين آمنوا هل أدلكم على تجارة تنجيكم من عذاب أليم. تؤمنون بالله ورسوله وتجاهدون في سبيل الله بأموالكم وأنفسكم ذلكم خير لكم إن كنتم تعلمون. يغفر لكم ذنوبكم ويدخلكم جنات تجري من تحتها الأنهار ومساكن طيبة في جنات عدن ذلك الفوز العظيم. وأخرى تحبونها نصر من الله وفتح قريب وبشر المؤمنين. يا أيها الذين آمنوا كونوا أنصار الله كما قال عيسى ابن مريم للحواريين من أنصاري إلى الله قال الحواريون نحن أنصار الله فآمنت طائفة من بني إسرائيل وكفرت طائفة فأيدنا الذين آمنوا على عدوهم فأصبحوا ظاهرين.,ما هو الجهاد؟,عدن
68,يا أيها الرسول بلغ ما أنزل إليك من ربك وإن لم تفعل فما بلغت رسالته والله يعصمك من الناس إن الله لا يهدي القوم الكافرين. قل يا أهل الكتاب لستم على شيء حتى تقيموا التوراة والإنجيل وما أنزل إليكم من ربكم وليزيدن كثيرا منهم ما أنزل إليك من ربك طغيانا وكفرا فلا تأس على القوم الكافرين. إن الذين آمنوا والذين هادوا والصابئون والنصارى من آمن بالله واليوم الآخر وعمل صالحا فلا خوف عليهم ولا هم يحزنون.,ما الدلائل على أن القرآن ليس من تأليف سيدنا محمد (ص)؟,بلغ ما أنزل إليك من ربك وإن لم تفعل فما بلغ
69,قل آمنا بالله وما أنزل علينا وما أنزل على إبراهيم وإسماعيل وإسحاق ويعقوب والأسباط وما أوتي موسى وعيسى والنبيون من ربهم لا نفرق بين أحد منهم ونحن له مسلمون. ومن يبتغ غير الإسلام دينا فلن يقبل منه وهو في الآخرة من الخاسرين.,ما الدلائل على أن القرآن ليس من تأليف سيدنا محمد (ص)؟,إسماعيل
70,فليقاتل في سبيل الله الذين يشرون الحياة الدنيا بالآخرة ومن يقاتل في سبيل الله فيقتل أو يغلب فسوف نؤتيه أجرا عظيما. وما لكم لا تقاتلون في سبيل الله والمستضعفين من الرجال والنساء والولدان الذين يقولون ربنا أخرجنا من هذه القرية الظالم أهلها واجعل لنا من لدنك وليا واجعل لنا من لدنك نصيرا. الذين آمنوا يقاتلون في سبيل الله والذين كفروا يقاتلون في سبيل الطاغوت فقاتلوا أولياء الشيطان إن كيد الشيطان كان ضعيفا.,ما هي منزلة من يقتل في سبيل الله؟,من يقاتل في سبيل الله فيقتل أو يغلب فسوف نؤ
71,إنا نحن نزلنا عليك القرآن تنزيلا. فاصبر لحكم ربك ولا تطع منهم آثما أو كفورا. واذكر اسم ربك بكرة وأصيلا. ومن الليل فاسجد له وسبحه ليلا طويلا. إن هؤلاء يحبون العاجلة ويذرون وراءهم يوما ثقيلا. نحن خلقناهم وشددنا أسرهم وإذا شئنا بدلنا أمثالهم تبديلا. إن هذه تذكرة فمن شاء اتخذ إلى ربه سبيلا. وما تشاءون إلا أن يشاء الله إن الله كان عليما حكيما. يدخل من يشاء في رحمته والظالمين أعد لهم عذابا أليما.,ما الدلائل على أن القرآن ليس من تأليف سيدنا محمد (ص)؟,إن هذه تذكرة فمن شاء بدلنا أمثالهم تبديلا
72,مما خطيئاتهم أغرقوا فأدخلوا نارا فلم يجدوا لهم من دون الله أنصارا. وقال نوح رب لا تذر على الأرض من الكافرين ديارا. إنك إن تذرهم يضلوا عبادك ولا يلدوا إلا فاجرا كفارا. رب اغفر لي ولوالدي ولمن دخل بيتي مؤمنا وللمؤمنين والمؤمنات ولا تزد الظالمين إلا تبارا.,ما هي الآيات التي تلمح إلى عذاب القبر وأهواله؟,لمن دخل بيتي مؤمنا وللمؤمنين والمؤمنات ولا تزد
73,وكذلك أنزلناه آيات بينات وأن الله يهدي من يريد. إن الذين آمنوا والذين هادوا والصابئين والنصارى والمجوس والذين أشركوا إن الله يفصل بينهم يوم القيامة إن الله على كل شيء شهيد. ألم تر أن الله يسجد له من في السماوات ومن في الأرض والشمس والقمر والنجوم والجبال والشجر والدواب وكثير من الناس وكثير حق عليه العذاب ومن يهن الله فما له من مكرم إن الله يفعل ما يشاء.,ما الدلائل على أن القرآن ليس من تأليف سيدنا محمد (ص)؟,الذين أشركوا
74,وإنه لتنزيل رب العالمين. نزل به الروح الأمين. على قلبك لتكون من المنذرين. بلسان عربي مبين. وإنه لفي زبر الأولين. أولم يكن لهم آية أن يعلمه علماء بني إسرائيل. ولو نزلناه على بعض الأعجمين. فقرأه عليهم ما كانوا به مؤمنين. كذلك سلكناه في قلوب المجرمين. لا يؤمنون به حتى يروا العذاب الأليم. فيأتيهم بغتة وهم لا يشعرون. فيقولوا هل نحن منظرون. أفبعذابنا يستعجلون. أفرأيت إن متعناهم سنين. ثم جاءهم ما كانوا يوعدون. ما أغنى عنهم ما كانوا يمتعون. وما أهلكنا من قرية إلا لها منذرون. ذكرى وما كنا ظالمين. وما تنزلت به الشياطين. وما ينبغي لهم وما يستطيعون. إنهم عن السمع لمعزولون.,ما الدلائل على أن القرآن ليس من تأليف سيدنا محمد (ص)؟,بني إسرائيل
75,فلعلك تارك بعض ما يوحى إليك وضائق به صدرك أن يقولوا لولا أنزل عليه كنز أو جاء معه ملك إنما أنت نذير والله على كل شيء وكيل. أم يقولون افتراه قل فأتوا بعشر سور مثله مفتريات وادعوا من استطعتم من دون الله إن كنتم صادقين. فإلم يستجيبوا لكم فاعلموا أنما أنزل بعلم الله وأن لا إله إلا هو فهل أنتم مسلمون.,ما الدلائل على أن القرآن ليس من تأليف سيدنا محمد (ص)؟,لولا أنزل عليه كنز أو جاء معه ملك إنما أنت
76,حم. عسق. كذلك يوحي إليك وإلى الذين من قبلك الله العزيز الحكيم. له ما في السماوات وما في الأرض وهو العلي العظيم. تكاد السماوات يتفطرن من فوقهن والملائكة يسبحون بحمد ربهم ويستغفرون لمن في الأرض ألا إن الله هو الغفور الرحيم. والذين اتخذوا من دونه أولياء الله حفيظ عليهم وما أنت عليهم بوكيل.,ما الدلائل على أن القرآن ليس من تأليف سيدنا محمد (ص)؟,الذين اتخذوا من دونه أولياء الله حفيظ عليهم
77,قل أرأيتم إن أخذ الله سمعكم وأبصاركم وختم على قلوبكم من إله غير الله يأتيكم به انظر كيف نصرف الآيات ثم هم يصدفون. قل أرأيتكم إن أتاكم عذاب الله بغتة أو جهرة هل يهلك إلا القوم الظالمون. وما نرسل المرسلين إلا مبشرين ومنذرين فمن آمن وأصلح فلا خوف عليهم ولا هم يحزنون. والذين كذبوا بآياتنا يمسهم العذاب بما كانوا يفسقون. قل لا أقول لكم عندي خزائن الله ولا أعلم الغيب ولا أقول لكم إني ملك إن أتبع إلا ما يوحى إلي قل هل يستوي الأعمى والبصير أفلا تتفكرون.,ما الدلائل على أن القرآن ليس من تأليف سيدنا محمد (ص)؟,الذين آمنوا
78,قل لو كان البحر مدادا لكلمات ربي لنفد البحر قبل أن تنفد كلمات ربي ولو جئنا بمثله مددا. قل إنما أنا بشر مثلكم يوحى إلي أنما إلهكم إله واحد فمن كان يرجو لقاء ربه فليعمل عملا صالحا ولا يشرك بعبادة ربه أحدا.,ما الدلائل على أن القرآن ليس من تأليف سيدنا محمد (ص)؟,يوسف
79,قل إن ربي يقذف بالحق علام الغيوب. قل جاء الحق وما يبدئ الباطل وما يعيد. قل إن ضللت فإنما أضل على نفسي وإن اهتديت فبما يوحي إلي ربي إنه سميع قريب. ولو ترى إذ فزعوا فلا فوت وأخذوا من مكان قريب. وقالوا آمنا به وأنى لهم التناوش من مكان بعيد. وقد كفروا به من قبل ويقذفون بالغيب من مكان بعيد. وحيل بينهم وبين ما يشتهون كما فعل بأشياعهم من قبل إنهم كانوا في شك مريب.,ما الدلائل على أن القرآن ليس من تأليف سيدنا محمد (ص)؟,يوحي إلي ربي إنه سميع قريب
80,ولبثوا في كهفهم ثلاث مائة سنين وازدادوا تسعا. قل الله أعلم بما لبثوا له غيب السماوات والأرض أبصر به وأسمع ما لهم من دونه من ولي ولا يشرك في حكمه أحدا.,كم نام أهل الكهف؟,ثلاث مائة سنين
81,كذبت قبلهم قوم نوح فكذبوا عبدنا وقالوا مجنون وازدجر. فدعا ربه أني مغلوب فانتصر. ففتحنا أبواب السماء بماء منهمر. وفجرنا الأرض عيونا فالتقى الماء على أمر قد قدر. وحملناه على ذات ألواح ودسر. تجري بأعيننا جزاء لمن كان كفر. ولقد تركناها آية فهل من مدكر. فكيف كان عذابي ونذر. ولقد يسرنا القرآن للذكر فهل من مدكر.,ما الدلائل على أن القرآن ليس من تأليف سيدنا محمد (ص)؟,لقد تركناها آية فهل من مدكر. فكيف كان عذابي
82,ولقد آتينا موسى الكتاب وقفينا من بعده بالرسل وآتينا عيسى ابن مريم البينات وأيدناه بروح القدس أفكلما جاءكم رسول بما لا تهوى أنفسكم استكبرتم ففريقا كذبتم وفريقا تقتلون. وقالوا قلوبنا غلف بل لعنهم الله بكفرهم فقليلا ما يؤمنون.,من هم الملائكة المذكورون في القرآن؟,لقد آتينا موسى الكتاب وقفينا من بعده بالرسل وآتينا
83,يوم ينفخ في الصور ونحشر المجرمين يومئذ زرقا. يتخافتون بينهم إن لبثتم إلا عشرا. نحن أعلم بما يقولون إذ يقول أمثلهم طريقة إن لبثتم إلا يوما. ويسألونك عن الجبال فقل ينسفها ربي نسفا. فيذرها قاعا صفصفا. لا ترى فيها عوجا ولا أمتا. يومئذ يتبعون الداعي لا عوج له وخشعت الأصوات للرحمن فلا تسمع إلا همسا. يومئذ لا تنفع الشفاعة إلا من أذن له الرحمن ورضي له قولا. يعلم ما بين أيديهم وما خلفهم ولا يحيطون به علما. وعنت الوجوه للحي القيوم وقد خاب من حمل ظلما. ومن يعمل من الصالحات وهو مؤمن فلا يخاف ظلما ولا هضما. وكذلك أنزلناه قرآنا عربيا وصرفنا فيه من الوعيد لعلهم يتقون أو يحدث لهم ذكرا.,ما هي شروط الشفاعة؟,يسألونك عن الجبال فقل ينسفها ربي نسفا. فيذر
84,قل من كان عدوا لجبريل فإنه نزله على قلبك بإذن الله مصدقا لما بين يديه وهدى وبشرى للمؤمنين. من كان عدوا لله وملائكته ورسله وجبريل وميكال فإن الله عدو للكافرين. ولقد أنزلنا إليك آيات بينات وما يكفر بها إلا الفاسقون. أوكلما عاهدوا عهدا نبذه فريق منهم بل أكثرهم لا يؤمنون. ولما جاءهم رسول من عند الله مصدق لما معهم نبذ فريق من الذين أوتوا الكتاب كتاب الله وراء ظهورهم كأنهم لا يعلمون.,من هم الملائكة المذكورون في القرآن؟,لقد أنزلنا إليك آيات بينات وما يكفر بها إلا الفاس
85,ويوم نحشرهم جميعا ثم نقول للذين أشركوا أين شركاؤكم الذين كنتم تزعمون. ثم لم تكن فتنتهم إلا أن قالوا والله ربنا ما كنا مشركين. انظر كيف كذبوا على أنفسهم وضل عنهم ما كانوا يفترون. ومنهم من يستمع إليك وجعلنا على قلوبهم أكنة أن يفقهوه وفي آذانهم وقرا وإن يروا كل آية لا يؤمنوا بها حتى إذا جاءوك يجادلونك يقول الذين كفروا إن هذا إلا أساطير الأولين. وهم ينهون عنه وينأون عنه وإن يهلكون إلا أنفسهم وما يشعرون.,هل أشار القرآن إلى العضو الذي يعقل به الإنسان؟,أذنوا قلوبهم أكنة أن يفقهوه وفي آذانهم و
86,يا أيها الذين آمنوا لا تسألوا عن أشياء إن تبد لكم تسؤكم وإن تسألوا عنها حين ينزل القرآن تبد لكم عفا الله عنها والله غفور حليم. قد سألها قوم من قبلكم ثم أصبحوا بها كافرين.,ما الدلائل على أن القرآن ليس من تأليف سيدنا محمد (ص)؟,قرآن
87,إن وليي الله الذي نزل الكتاب وهو يتولى الصالحين. والذين تدعون من دونه لا يستطيعون نصركم ولا أنفسهم ينصرون. وإن تدعوهم إلى الهدى لا يسمعوا وتراهم ينظرون إليك وهم لا يبصرون.,ما الدلائل على أن القرآن ليس من تأليف سيدنا محمد (ص)؟,الذين تدعون من دونه لا يستطيعون نصركم ولا أنفسهم
88,من يطع الرسول فقد أطاع الله ومن تولى فما أرسلناك عليهم حفيظا. ويقولون طاعة فإذا برزوا من عندك بيت طائفة منهم غير الذي تقول والله يكتب ما يبيتون فأعرض عنهم وتوكل على الله وكفى بالله وكيلا. أفلا يتدبرون القرآن ولو كان من عند غير الله لوجدوا فيه اختلافا كثيرا. وإذا جاءهم أمر من الأمن أو الخوف أذاعوا به ولو ردوه إلى الرسول وإلى أولي الأمر منهم لعلمه الذين يستنبطونه منهم ولولا فضل الله عليكم ورحمته لاتبعتم الشيطان إلا قليلا. فقاتل في سبيل الله لا تكلف إلا نفسك وحرض المؤمنين عسى الله أن يكف بأس الذين كفروا والله أشد بأسا وأشد تنكيلا.,ما الدلائل على أن القرآن ليس من تأليف سيدنا محمد (ص)؟,من يطع الرسول فقد أطاع الله ومن تولى فما أرسلناك
89,وإن من أهل الكتاب لمن يؤمن بالله وما أنزل إليكم وما أنزل إليهم خاشعين لله لا يشترون بآيات الله ثمنا قليلا أولئك لهم أجرهم عند ربهم إن الله سريع الحساب. يا أيها الذين آمنوا اصبروا وصابروا ورابطوا واتقوا الله لعلكم تفلحون.,ما الدلائل على أن القرآن ليس من تأليف سيدنا محمد (ص)؟,لمن يؤمن بالله وما أنزل إليكم وما أنزل إليهم خا
90,كذبت ثمود بالنذر. فقالوا أبشرا منا واحدا نتبعه إنا إذا لفي ضلال وسعر. أألقي الذكر عليه من بيننا بل هو كذاب أشر. سيعلمون غدا من الكذاب الأشر. إنا مرسلو الناقة فتنة لهم فارتقبهم واصطبر. ونبئهم أن الماء قسمة بينهم كل شرب محتضر. فنادوا صاحبهم فتعاطى فعقر. فكيف كان عذابي ونذر. إنا أرسلنا عليهم صيحة واحدة فكانوا كهشيم المحتظر. ولقد يسرنا القرآن للذكر فهل من مدكر.,ما الدلائل على أن القرآن ليس من تأليف سيدنا محمد (ص)؟,ثمود
91,وأصحاب الشمال ما أصحاب الشمال. في سموم وحميم. وظل من يحموم. لا بارد ولا كريم. إنهم كانوا قبل ذلك مترفين. وكانوا يصرون على الحنث العظيم. وكانوا يقولون أئذا متنا وكنا ترابا وعظاما أإنا لمبعوثون. أوآباؤنا الأولون. قل إن الأولين والآخرين. لمجموعون إلى ميقات يوم معلوم. ثم إنكم أيها الضالون المكذبون. لآكلون من شجر من زقوم. فمالئون منها البطون. فشاربون عليه من الحميم. فشاربون شرب الهيم. هذا نزلهم يوم الدين.,ما هي شجرة الزقوم؟,زقوم
92,ولولا فضل الله عليك ورحمته لهمت طائفة منهم أن يضلوك وما يضلون إلا أنفسهم وما يضرونك من شيء وأنزل الله عليك الكتاب والحكمة وعلمك ما لم تكن تعلم وكان فضل الله عليك عظيما.,ما الدلائل على أن القرآن ليس من تأليف سيدنا محمد (ص)؟,لولا فضل الله عليك ورحمته لهمت طائفة منهم أن
93,إذ قال موسى لأهله إني آنست نارا سآتيكم منها بخبر أو آتيكم بشهاب قبس لعلكم تصطلون. فلما جاءها نودي أن بورك من في النار ومن حولها وسبحان الله رب العالمين. يا موسى إنه أنا الله العزيز الحكيم. وألق عصاك فلما رآها تهتز كأنها جان ولى مدبرا ولم يعقب يا موسى لا تخف إني لا يخاف لدي المرسلون. إلا من ظلم ثم بدل حسنا بعد سوء فإني غفور رحيم. وأدخل يدك في جيبك تخرج بيضاء من غير سوء في تسع آيات إلى فرعون وقومه إنهم كانوا قوما فاسقين. فلما جاءتهم آياتنا مبصرة قالوا هذا سحر مبين. وجحدوا بها واستيقنتها أنفسهم ظلما وعلوا فانظر كيف كان عاقبة المفسدين.,ما هي معجزات النبي موسى عليه السلام؟,يوسف
94,ما ننسخ من آية أو ننسها نأت بخير منها أو مثلها ألم تعلم أن الله على كل شيء قدير. ألم تعلم أن الله له ملك السماوات والأرض وما لكم من دون الله من ولي ولا نصير. أم تريدون أن تسألوا رسولكم كما سئل موسى من قبل ومن يتبدل الكفر بالإيمان فقد ضل سواء السبيل.,لماذا لم يتم حذف الآيات المنسوخة من القرآن؟,ألم تعلم أن الله على كل شيء قدير
95,ويقول الذين آمنوا لولا نزلت سورة فإذا أنزلت سورة محكمة وذكر فيها القتال رأيت الذين في قلوبهم مرض ينظرون إليك نظر المغشي عليه من الموت فأولى لهم. طاعة وقول معروف فإذا عزم الأمر فلو صدقوا الله لكان خيرا لهم. فهل عسيتم إن توليتم أن تفسدوا في الأرض وتقطعوا أرحامكم. أولئك الذين لعنهم الله فأصمهم وأعمى أبصارهم. أفلا يتدبرون القرآن أم على قلوب أقفالها.,ما الدلائل على أن القرآن ليس من تأليف سيدنا محمد (ص)؟,قول معروف فإذا عزم الأمر فلو صدقوا الله لكان خيرا
96,ولقد أرسلنا نوحا إلى قومه فلبث فيهم ألف سنة إلا خمسين عاما فأخذهم الطوفان وهم ظالمون. فأنجيناه وأصحاب السفينة وجعلناها آية للعالمين. وإبراهيم إذ قال لقومه اعبدوا الله واتقوه ذلكم خير لكم إن كنتم تعلمون. إنما تعبدون من دون الله أوثانا وتخلقون إفكا إن الذين تعبدون من دون الله لا يملكون لكم رزقا فابتغوا عند الله الرزق واعبدوه واشكروا له إليه ترجعون. وإن تكذبوا فقد كذب أمم من قبلكم وما على الرسول إلا البلاغ المبين.,كم دامت دعوة نوح لقومه؟,لقد أرسلنا نوحا إلى قومه فلبث فيهم ألف
97,الله الذي جعل لكم الليل لتسكنوا فيه والنهار مبصرا إن الله لذو فضل على الناس ولكن أكثر الناس لا يشكرون. ذلكم الله ربكم خالق كل شيء لا إله إلا هو فأنى تؤفكون. كذلك يؤفك الذين كانوا بآيات الله يجحدون. الله الذي جعل لكم الأرض قرارا والسماء بناء وصوركم فأحسن صوركم ورزقكم من الطيبات ذلكم الله ربكم فتبارك الله رب العالمين. هو الحي لا إله إلا هو فادعوه مخلصين له الدين الحمد لله رب العالمين. قل إني نهيت أن أعبد الذين تدعون من دون الله لما جاءني البينات من ربي وأمرت أن أسلم لرب العالمين.,هل ذكر القرآن أوقات نوم معيّنة؟,الذي جعل لكم الليل لتسكنوا فيه والنهار مبصرا
98,ذلك من أنباء الغيب نوحيه إليك وما كنت لديهم إذ أجمعوا أمرهم وهم يمكرون. وما أكثر الناس ولو حرصت بمؤمنين. وما تسألهم عليه من أجر إن هو إلا ذكر للعالمين. وكأين من آية في السماوات والأرض يمرون عليها وهم عنها معرضون. وما يؤمن أكثرهم بالله إلا وهم مشركون. أفأمنوا أن تأتيهم غاشية من عذاب الله أو تأتيهم الساعة بغتة وهم لا يشعرون.,ما الدلائل على أن القرآن ليس من تأليف سيدنا محمد (ص)؟,ذلك من أنباء الغيب نوحيه إليك وما كنت لديهم إ
99,فإذا قرأت القرآن فاستعذ بالله من الشيطان الرجيم. إنه ليس له سلطان على الذين آمنوا وعلى ربهم يتوكلون. إنما سلطانه على الذين يتولونه والذين هم به مشركون. وإذا بدلنا آية مكان آية والله أعلم بما ينزل قالوا إنما أنت مفتر بل أكثرهم لا يعلمون. قل نزله روح القدس من ربك بالحق ليثبت الذين آمنوا وهدى وبشرى للمسلمين.,ما الدلائل على أن القرآن ليس من تأليف سيدنا محمد (ص)؟,ليس له سلطان على الذين آمنوا وعلى ربهم يتوكلون
